<?xml version="1.0"?>
<!--
/**
 * Magento Auctionmaid Shipping Module
 *
 * NOTICE OF LICENSE
 *
 * This source file is subject to the Open Software License (OSL 3.0)
 * that is bundled with this package in the file LICENSE.txt.
 * It is also available through the world-wide-web at this URL:
 * http://opensource.org/licenses/osl-3.0.php
 * If you did not receive a copy of the license and are unable to
 * obtain it through the world-wide-web, please send an email
 * to license@magentocommerce.com so we can send you a copy immediately.
 *
 * DISCLAIMER
 *
 * Do not edit or add to this file if you wish to upgrade Magento to newer
 * versions in the future. If you wish to customize Magento for your
 * needs please refer to http://www.magentocommerce.com for more information.
 *
 * @category   Auctionmaid
 * @package    Auctionmaid_Productrate
 * @copyright  Copyright (c) 2008 Auction Maid (http://www.auctionmaid.com)
 * @license    http://www.auctionmaid.com/license/license.txt
 * @author     Karen Baker <enquiries@auctionmaid.com>
*/
-->
<config>
    <sections>
        <catalog>
            <groups>
  		<tieredproducts   translate="label">
                    <label>WebshopApps Tiered Products</label>
                    <frontend_type>text</frontend_type>
                    <sort_order>999</sort_order>
                    <show_in_default>1</show_in_default>
                    <show_in_website>1</show_in_website>
                    <show_in_store>1</show_in_store>
                    <fields>
                        <active translate="label">
                            <label>Enabled</label>
                            <frontend_type>select</frontend_type>
                            <source_model>adminhtml/system_config_source_yesno</source_model>
                            <sort_order>1</sort_order>
                            <show_in_default>1</show_in_default>
                            <show_in_website>1</show_in_website>
                            <show_in_store>1</show_in_store>
                        </active>
                    </fields>
                </tieredproducts>
                </groups>
        </catalog>
    </sections>
</config>
