<?xml version="1.0"?>
<config>
    <modules>
       	<Finetouch_Page>
        	<active>true</active>
        	<codepool>local</codepool>
       	</Finetouch_Page>
    </modules>
    <!-- Putting this here because it doesn't seem to work in the config.xml -->
    <global>
        <page>
            <layouts>
                <home module="page" translate="label">
                    <label>Home</label>
                    <template>page/home.phtml</template>
                    <layout_handle>page_home</layout_handle>
                </home>
            </layouts>
        </page>
    </global>
</config>
