<?xml version="1.0"?>
<!--
/**
 * Magento
 *
 * NOTICE OF LICENSE
 *
 * This source file is subject to the Academic Free License (AFL 3.0)
 * that is bundled with this package in the file LICENSE_AFL.txt.
 * It is also available through the world-wide-web at this URL:
 * http://opensource.org/licenses/afl-3.0.php
 * If you did not receive a copy of the license and are unable to
 * obtain it through the world-wide-web, please send an email
 * to license@magento.com so we can send you a copy immediately.
 *
 * DISCLAIMER
 *
 * Do not edit or add to this file if you wish to upgrade Magento to newer
 * versions in the future. If you wish to customize Magento for your
 * needs please refer to http://www.magento.com for more information.
 *
 * @category    Mage
 * @package     Mage_Customer
 * @copyright   Copyright (c) 2006-2014 X.commerce, Inc. (http://www.magento.com)
 * @license     http://opensource.org/licenses/afl-3.0.php  Academic Free License (AFL 3.0)
 */
-->
<config>
    <menu>
        <customer translate="title" module="customer">
            <title>Customers</title>
            <sort_order>40</sort_order>
            <!-- action>adminhtml/customer/</action -->
            <children>
                <manage translate="title" module="customer">
                    <title>Manage Customers</title>
                    <action>adminhtml/customer/</action>
                    <sort_order>0</sort_order>
                </manage>
                <group translate="title" module="customer">
                    <title>Customer Groups</title>
                    <action>adminhtml/customer_group/</action>
                    <sort_order>10</sort_order>
                </group>
                <online translate="title" module="customer">
                    <title>Online Customers</title>
                    <action>adminhtml/customer_online/</action>
                    <sort_order>100</sort_order>
                </online>
            </children>
         </customer>
    </menu>
    <acl>
        <resources>
            <admin>
                <children>
                    <customer translate="title" module="customer">
                        <title>Customers</title>
                        <sort_order>40</sort_order>
                        <children>
                            <group translate="title">
                                <title>Customer Groups</title>
                                <sort_order>10</sort_order>
                            </group>
                            <manage translate="title">
                                <title>Manage Customers</title>
                                <sort_order>0</sort_order>
                            </manage>
                            <online translate="title">
                                <title>Online Customers</title>
                                <sort_order>100</sort_order>
                            </online>
                        </children>
                    </customer>
                    <system>
                        <children>
                            <config>
                                <children>
                                    <customer translate="title" module="customer">
                                        <title>Customers Section</title>
                                        <sort_order>50</sort_order>
                                    </customer>
                                </children>
                            </config>
                        </children>
                    </system>
                </children>
            </admin>
        </resources>
    </acl>
</config>
