<?xml version="1.0"?>
<!--
/**
 * Magento
 *
 * NOTICE OF LICENSE
 *
 * This source file is subject to the Academic Free License (AFL 3.0)
 * that is bundled with this package in the file LICENSE_AFL.txt.
 * It is also available through the world-wide-web at this URL:
 * http://opensource.org/licenses/afl-3.0.php
 * If you did not receive a copy of the license and are unable to
 * obtain it through the world-wide-web, please send an email
 * to license@magento.com so we can send you a copy immediately.
 *
 * DISCLAIMER
 *
 * Do not edit or add to this file if you wish to upgrade Magento to newer
 * versions in the future. If you wish to customize Magento for your
 * needs please refer to http://www.magento.com for more information.
 *
 * @category    Mage
 * @package     Mage_Downloadable
 * @copyright   Copyright (c) 2006-2014 X.commerce, Inc. (http://www.magento.com)
 * @license     http://opensource.org/licenses/afl-3.0.php  Academic Free License (AFL 3.0)
 */
-->
<config>
    <sections>
        <catalog>
            <groups>
                <downloadable translate="label">
                    <label>Downloadable Product Options</label>
                    <frontend_type>text</frontend_type>
                    <sort_order>600</sort_order>
                    <show_in_default>1</show_in_default>
                    <show_in_website>1</show_in_website>
                    <show_in_store>1</show_in_store>
                    <fields>
                        <order_item_status translate="label">
                            <label>Order Item Status to Enable Downloads</label>
                            <frontend_type>select</frontend_type>
                            <source_model>downloadable/system_config_source_orderitemstatus</source_model>
                            <sort_order>100</sort_order>
                            <show_in_default>1</show_in_default>
                            <show_in_website>1</show_in_website>
                            <show_in_store>0</show_in_store>
                        </order_item_status>
                        <downloads_number translate="label">
                            <label>Default Maximum Number of Downloads</label>
                            <frontend_type>text</frontend_type>
                            <sort_order>200</sort_order>
                            <show_in_default>1</show_in_default>
                            <show_in_website>1</show_in_website>
                            <show_in_store>0</show_in_store>
                        </downloads_number>
                        <shareable translate="label">
                            <label>Shareable</label>
                            <frontend_type>select</frontend_type>
                            <source_model>adminhtml/system_config_source_yesno</source_model>
                            <sort_order>300</sort_order>
                            <show_in_default>1</show_in_default>
                            <show_in_website>1</show_in_website>
                            <show_in_store>0</show_in_store>
                        </shareable>
                        <samples_title translate="label">
                            <label>Default Sample Title</label>
                            <frontend_type>text</frontend_type>
                            <sort_order>400</sort_order>
                            <show_in_default>1</show_in_default>
                            <show_in_website>1</show_in_website>
                            <show_in_store>1</show_in_store>
                        </samples_title>
                        <links_title translate="label">
                            <label>Default Link Title</label>
                            <frontend_type>text</frontend_type>
                            <sort_order>500</sort_order>
                            <show_in_default>1</show_in_default>
                            <show_in_website>1</show_in_website>
                            <show_in_store>1</show_in_store>
                        </links_title>
                        <links_target_new_window translate="label">
                            <label>Open Links in New Window</label>
                            <frontend_type>select</frontend_type>
                            <source_model>adminhtml/system_config_source_yesno</source_model>
                            <sort_order>600</sort_order>
                            <show_in_default>1</show_in_default>
                            <show_in_website>1</show_in_website>
                            <show_in_store>0</show_in_store>
                        </links_target_new_window>
                        <content_disposition translate="label">
                            <label>Use Content-Disposition</label>
                            <frontend_type>select</frontend_type>
                            <source_model>downloadable/system_config_source_contentdisposition</source_model>
                            <sort_order>700</sort_order>
                            <show_in_default>1</show_in_default>
                            <show_in_website>1</show_in_website>
                            <show_in_store>1</show_in_store>
                        </content_disposition>
                        <disable_guest_checkout translate="label comment">
                            <label>Disable Guest Checkout if Cart Contains Downloadable Items</label>
                            <frontend_type>select</frontend_type>
                            <source_model>adminhtml/system_config_source_yesno</source_model>
                            <sort_order>800</sort_order>
                            <show_in_default>1</show_in_default>
                            <show_in_website>1</show_in_website>
                            <show_in_store>0</show_in_store>
                            <comment>Guest checkout will only work with shareable.</comment>
                        </disable_guest_checkout>
                    </fields>
                </downloadable>
            </groups>
        </catalog>
    </sections>
</config>
