<?xml version="1.0"?>
<config>
    <acl>
        <resources>
            <all>
              <title>Allow Everything</title>
            </all>
            <admin>
                <children>
                    <system>
                        <children>
                            <config>
                                <children>
                                    <wee_base>
                                        <title>Mgt-Commerce.com - Module Information</title>
                                    </wee_base>
                                </children>
                            </config>
                        </children>
                    </system>
                </children>
            </admin>
        </resources>
    </acl>
</config>