<?xml version="1.0"?>
<!--
/**
 * Magento
 *
 * NOTICE OF LICENSE
 *
 * This source file is subject to the Academic Free License (AFL 3.0)
 * that is bundled with this package in the file LICENSE_AFL.txt.
 * It is also available through the world-wide-web at this URL:
 * http://opensource.org/licenses/afl-3.0.php
 * If you did not receive a copy of the license and are unable to
 * obtain it through the world-wide-web, please send an email
 * to license@magentocommerce.com so we can send you a copy immediately.
 *
 * DISCLAIMER
 *
 * Do not edit or add to this file if you wish to upgrade Magento to newer
 * versions in the future. If you wish to customize Magento for your
 * needs please refer to http://www.magentocommerce.com for more information.
 *
 * @category   Mage
 * @package    Mage_Core
 * @copyright  Copyright (c) 2008 Irubin Consulting Inc. DBA Varien (http://www.varien.com)
 * @license    http://opensource.org/licenses/afl-3.0.php  Academic Free License (AFL 3.0)
 */
-->
<config>
    <global>
   	<cache>
            <backend>apc</backend>--><!-- apc / memcached / xcache / empty=file-->
       </cache>
        <install>
            <date><![CDATA[Mon, 28 May 2012 00:41:08 +0000]]></date>
        </install>
        <crypt>
            <key><![CDATA[a8de51f1f6743b184fe81b345af40b24]]></key>
        </crypt>
        <disable_local_modules>false</disable_local_modules>
        <resources>
            <db>
                <table_prefix><![CDATA[]]></table_prefix>
            </db>
            <default_setup>
                <connection>
                    <host><![CDATA[localhost]]></host>
                    <username><![CDATA[finetouch]]></username>
                    <password><![CDATA[d1sposables]]></password>
                    <dbname><![CDATA[finetouch]]></dbname>
                    <active>1</active>
                </connection>
            </default_setup>
        </resources>
        <session_save><![CDATA[files]]></session_save>
    </global>
    <admin>
        <routers>
            <adminhtml>
                <args>
                    <frontName><![CDATA[admin]]></frontName>
                </args>
            </adminhtml>
        </routers>
    </admin>
</config>
